URI,Label,Description,Type,EdgePropertyOf,SourceClass,TargetClass
http://medicaldevice.com/ontology/AccessGUDIDRecord,AccessGUDID / UDI Record,"A device record from AccessGUDID, the public view of the Global Unique Device Identification Database. A subclass of FDA Data Record. Declared in the schema but not populated in the current release.",Class,,,
http://medicaldevice.com/ontology/AdverseEventReport,Adverse Event Report,"The parent class of device adverse-event report classes, including MAUDE and MedSun reports. A subclass of FDA Data Record. Declared in the schema but not populated in the current release.",Class,,,
http://medicaldevice.com/ontology/Analyte,Analyte,A substance or constituent measured by a diagnostic test. Declared in the schema but not populated in the current release.,Class,,,
http://medicaldevice.com/ontology/ApprovalPathway,Approval Pathway,"The regulatory pathway by which a device reached the market, such as 510(k), PMA, De Novo, or HDE. Declared in the schema but not populated in the current release.",Class,,,
http://medicaldevice.com/ontology/CFRTitle21Section,21 CFR Section,"A section of Title 21 of the Code of Federal Regulations, with its authority and full regulatory text.",Class,,,
http://medicaldevice.com/ontology/CLIARecord,CLIA Laboratory Test System Record,A laboratory test system record under the Clinical Laboratory Improvement Amendments. A subclass of FDA Data Record. Declared in the schema but not populated in the current release.,Class,,,
http://medicaldevice.com/ontology/CLIAWaivedRecord,CLIA Waived Analyte Record,A record of an analyte waived from routine CLIA oversight. A subclass of FDA Data Record. Declared in the schema but not populated in the current release.,Class,,,
http://medicaldevice.com/ontology/CfrPart,21 CFR Part,A part of Title 21 of the Code of Federal Regulations that groups related sections.,Class,,,
http://medicaldevice.com/ontology/CliaWaivedAnalyte,CLIA Waived Analyte,An analyte whose test is waived from routine regulatory oversight under the Clinical Laboratory Improvement Amendments.,Class,,,
http://medicaldevice.com/ontology/Component,Component,A component of a medical device. A subclass of Device Component. Declared in the schema but not populated in the current release.,Class,,,
http://medicaldevice.com/ontology/Dataset,FDA Source Dataset,An FDA source dataset that records in the graph were extracted from. Declared in the schema but not populated in the current release.,Class,,,
http://medicaldevice.com/ontology/DeNovoRecord,De Novo Authorization,A De Novo classification request granting marketing authorization to a novel low-to-moderate risk device that has no valid predicate. A subclass of Regulatory Submission.,Class,,,
http://medicaldevice.com/ontology/DesignChange,Design Change,A change to a device design; the parent class of PMA supplements. Declared in the schema but not populated in the current release.,Class,,,
http://medicaldevice.com/ontology/DeviceComponent,Device Component,The parent class for device components. Declared in the schema but not populated in the current release.,Class,,,
http://medicaldevice.com/ontology/DeviceFDARecord,Devices@FDA Catalog Record,"An entry in the Devices@FDA catalog, linking a marketed device to the submission and pathway under which it reached the market.",Class,,,
http://medicaldevice.com/ontology/DeviceIdentifier,Device Identifier (UDI),The device identifier portion of a Unique Device Identification code. Declared in the schema but not populated in the current release.,Class,,,
http://medicaldevice.com/ontology/DeviceListing,FDA Device Listing,A device listing filed by a registered establishment. A subclass of FDA Data Record. Declared in the schema but not populated in the current release.,Class,,,
http://medicaldevice.com/ontology/DeviceMaterial,Device Material,The parent class for device materials. Declared in the schema but not populated in the current release.,Class,,,
http://medicaldevice.com/ontology/DeviceProblem,Device Problem,"A device problem code reported on MDRs for a TPLC product code, with its report and event counts.",Class,,,
http://medicaldevice.com/ontology/DevicesFDARecord,Devices@FDA Catalog Record,The declared class for Devices@FDA catalog entries. A subclass of FDA Data Record. Declared in the schema but not populated in the current release.,Class,,,
http://medicaldevice.com/ontology/FDADataRecord,FDA Data Record,The root class for records extracted from an FDA source dataset; all dataset-specific record classes are subclasses of it. Declared in the schema but not populated in the current release.,Class,,,
http://medicaldevice.com/ontology/GMDNTerm,GMDN Term,A Global Medical Device Nomenclature term describing a generic device group. Declared in the schema but not populated in the current release.,Class,,,
http://medicaldevice.com/ontology/HDERecord,Humanitarian Device Exemption Record,The declared record class for Humanitarian Device Exemptions. A subclass of Regulatory Submission. Declared in the schema but not populated in the current release.,Class,,,
http://medicaldevice.com/ontology/HumanitarianDeviceExemption,Humanitarian Device Exemption,"A Humanitarian Device Exemption record, covering a device intended to treat or diagnose a condition affecting a small patient population.",Class,,,
http://medicaldevice.com/ontology/IVDHomeUseTest,IVD Home-Use Test,An in vitro diagnostic test cleared or approved for home (over-the-counter) use.,Class,,,
http://medicaldevice.com/ontology/IVDRecord,IVD Home-Use Test Record,The declared class for in vitro diagnostic home-use test records. A subclass of FDA Data Record. Declared in the schema but not populated in the current release.,Class,,,
http://medicaldevice.com/ontology/K510Record,510(k) Submission,"A premarket notification submission under section 510(k), by which a device is cleared for market on the basis of substantial equivalence to a legally marketed predicate device. A subclass of Regulatory Submission.",Class,,,
http://medicaldevice.com/ontology/MAUDEReport,MAUDE Adverse Event Report,"A Medical Device Report (MDR) from the FDA Manufacturer and User Facility Device Experience (MAUDE) system, describing a suspected device-associated death, serious injury, or malfunction. A subclass of Adverse Event Report.",Class,,,
http://medicaldevice.com/ontology/MDRStatistic,MDR Statistic,A yearly count of medical device reports and events for a TPLC product code.,Class,,,
http://medicaldevice.com/ontology/MammographyFacility,MQSA Certified Mammography Facility,A mammography facility certified under the Mammography Quality Standards Act. A subclass of FDA Data Record.,Class,,,
http://medicaldevice.com/ontology/Manufacturer,Manufacturer,"A firm or establishment named on an FDA record, identified where possible by its FDA Establishment Identifier (FEI).",Class,,,
http://medicaldevice.com/ontology/Material,Material,A material a device is made from. A subclass of Device Material. Declared in the schema but not populated in the current release.,Class,,,
http://medicaldevice.com/ontology/MedSunReport,MedSun Safety Report,"A report from MedSun, the Medical Product Safety Network of sentinel reporting facilities. A subclass of Adverse Event Report. Declared in the schema but not populated in the current release.",Class,,,
http://medicaldevice.com/ontology/MedicalDevice,Medical Device,"A medical device, the hub entity that FDA records about the same product are attached to.",Class,,,
http://medicaldevice.com/ontology/PMAChangeMemo,PMA Supplement,"A supplement to an approved PMA covering a change to the device, its manufacturing, or its labeling. A subclass of Design Change.",Class,,,
http://medicaldevice.com/ontology/PMARecord,PMA Submission,"A Premarket Approval application, the FDA scientific and regulatory review pathway required for Class III devices. A subclass of Regulatory Submission.",Class,,,
http://medicaldevice.com/ontology/PatientOutcome,Patient Outcome,"A patient outcome code reported on MDRs for a TPLC product code, with its report and event counts.",Class,,,
http://medicaldevice.com/ontology/Postmarket522Study,522 Postmarket Surveillance Study,"A postmarket surveillance study ordered under section 522 of the Federal Food, Drug, and Cosmetic Act. A subclass of FDA Data Record.",Class,,,
http://medicaldevice.com/ontology/ProductClassificationRecord,FDA Product Classification Record,"The FDA classification record for a product code, giving its device class, regulation, review panel, and regulatory flags. A subclass of FDA Data Record.",Class,,,
http://medicaldevice.com/ontology/ProductCode,FDA Product Code,A three-letter FDA product code identifying a device type; the key most FDA device datasets join on.,Class,,,
http://medicaldevice.com/ontology/ProvenanceRecord,Provenance Record,An extraction audit record describing how and when data was harvested. Declared in the schema but not populated in the current release.,Class,,,
http://medicaldevice.com/ontology/Recall,Recall,"A recall event summarised on a TPLC product-code record, giving its class and date.",Class,,,
http://medicaldevice.com/ontology/RecallRecord,Device Recall Record,"A device recall enforcement record from the openFDA recall dataset, with the recalling firm, reason, classification, and distribution. A subclass of FDA Data Record.",Class,,,
http://medicaldevice.com/ontology/RecognizedConsensusStandard,Recognized Consensus Standard,A voluntary consensus standard recognized by FDA for use in device premarket submissions.,Class,,,
http://medicaldevice.com/ontology/RecognizedStandard,FDA Recognized Consensus Standard,The declared class for FDA-recognized voluntary consensus standards. A subclass of FDA Data Record. Declared in the schema but not populated in the current release.,Class,,,
http://medicaldevice.com/ontology/RegistrationListingRecord,FDA Registration and Listing Record,"An establishment registration and device listing record, giving the registered facility, its status, and its registration number. A subclass of FDA Data Record.",Class,,,
http://medicaldevice.com/ontology/RegulationNumber,Regulation Number,A 21 CFR regulation number under which a device type is classified.,Class,,,
http://medicaldevice.com/ontology/RegulatorySubmission,Regulatory Submission,"A premarket submission to FDA; the parent class of the 510(k), PMA, De Novo, and HDE record classes. A subclass of FDA Data Record. Declared in the schema but not populated in the current release.",Class,,,
http://medicaldevice.com/ontology/SafetyReport,Safety Report,A device safety report; a parent class for adverse-event reporting sources. A subclass of Adverse Event Report. Declared in the schema but not populated in the current release.,Class,,,
http://medicaldevice.com/ontology/SafetySignal,Safety Signal,A derived safety signal identified from postmarket data. Declared in the schema but not populated in the current release.,Class,,,
http://medicaldevice.com/ontology/SoftwareFeature,Software Feature,A software feature or function of a device. Declared in the schema but not populated in the current release.,Class,,,
http://medicaldevice.com/ontology/SourceRecord,Source Record,The raw FDA record a graph entity was derived from. Declared in the schema but not populated in the current release.,Class,,,
http://medicaldevice.com/ontology/Specialty,CLIA Laboratory Specialty,A laboratory specialty or subspecialty recognized under CLIA. Declared in the schema but not populated in the current release.,Class,,,
http://medicaldevice.com/ontology/TPLCRecord,TPLC Device Record,"A Total Product Life Cycle record, aggregating device problems, patient outcomes, MDR trends, and recalls for one FDA product code. A subclass of FDA Data Record.",Class,,,
http://medicaldevice.com/ontology/TestSystem,CLIA Test System,"A test system, assay, or instrument categorised under CLIA. Declared in the schema but not populated in the current release.",Class,,,
http://medicaldevice.com/ontology/UDIIdentifier,UDI Identifier,"One entry from the AccessGUDID identifiers list; may be a primary DI, package DI, or unit-of-use DI. Declared in the schema but not populated in the current release.",Class,,,
http://medicaldevice.com/ontology/XRayAssemblerRecord,FDA X-Ray Assembler Record,The declared class for FDA x-ray assembler reports. A subclass of FDA Data Record. Declared in the schema but not populated in the current release.,Class,,,
http://medicaldevice.com/ontology/XrayAssemblerRecord,X-Ray Assembler Record,An FDA x-ray assembler report recording the installation of diagnostic x-ray equipment at a named site.,Class,,,
http://www.w3.org/2000/01/rdf-schema#Class,Class,Class.,Class,,,
http://medicaldevice.com/ontology/accreditationBody,accreditation body,Accreditation body. Declared in the schema but not populated in the current release.,Predicate,,,
http://medicaldevice.com/ontology/address,address,Street address given on the record.,Predicate,,http://medicaldevice.com/ontology/K510Record|http://medicaldevice.com/ontology/PMARecord|http://medicaldevice.com/ontology/XrayAssemblerRecord,
http://medicaldevice.com/ontology/adverseEventFlag,adverse event flag,Adverse event flag. Declared in the schema but not populated in the current release.,Predicate,,,
http://medicaldevice.com/ontology/advisoryCommittee,advisory committee,FDA advisory committee code for the device type.,Predicate,,http://medicaldevice.com/ontology/DeNovoRecord|http://medicaldevice.com/ontology/HumanitarianDeviceExemption|http://medicaldevice.com/ontology/K510Record|http://medicaldevice.com/ontology/PMARecord,
http://medicaldevice.com/ontology/advisoryCommitteeDescription,advisory committee description,FDA advisory committee that reviews the device type.,Predicate,,http://medicaldevice.com/ontology/K510Record|http://medicaldevice.com/ontology/PMARecord,
http://medicaldevice.com/ontology/affectsComponent,affects component,Affects component. Declared in the schema but not populated in the current release.,Predicate,,,
http://medicaldevice.com/ontology/affectsLabeling,affects labeling,Affects labeling. Declared in the schema but not populated in the current release.,Predicate,,,
http://medicaldevice.com/ontology/affectsMaterial,affects material,Affects material. Declared in the schema but not populated in the current release.,Predicate,,,
http://medicaldevice.com/ontology/affectsPackaging,affects packaging,Affects packaging. Declared in the schema but not populated in the current release.,Predicate,,,
http://medicaldevice.com/ontology/affectsSoftware,affects software,Affects software. Declared in the schema but not populated in the current release.,Predicate,,,
http://medicaldevice.com/ontology/affectsSterility,affects sterility,Affects sterility. Declared in the schema but not populated in the current release.,Predicate,,,
http://medicaldevice.com/ontology/analyteId,Analyte ID,Analyte ID. Declared in the schema but not populated in the current release.,Predicate,,,
http://medicaldevice.com/ontology/analyteName,Analyte Name,Name of the analyte measured by the waived test.,Predicate,,http://medicaldevice.com/ontology/CliaWaivedAnalyte,
http://medicaldevice.com/ontology/applicant,applicant,Name of the firm that submitted the application.,Predicate,,http://medicaldevice.com/ontology/DeNovoRecord|http://medicaldevice.com/ontology/DeviceFDARecord|http://medicaldevice.com/ontology/HumanitarianDeviceExemption|http://medicaldevice.com/ontology/K510Record|http://medicaldevice.com/ontology/PMAChangeMemo|http://medicaldevice.com/ontology/PMARecord,
http://medicaldevice.com/ontology/approvalDate,approval date,Approval date. Declared in the schema but not populated in the current release.,Predicate,,,
http://medicaldevice.com/ontology/ascaPilot,ASCA pilot program flag,ASCA pilot program flag. Declared in the schema but not populated in the current release.,Predicate,,,
http://medicaldevice.com/ontology/assemblerAddress,x-ray assembler address,X-ray assembler address. Declared in the schema but not populated in the current release.,Predicate,,,
http://medicaldevice.com/ontology/assemblerId,assembler ID,FDA identifier of the x-ray equipment assembler.,Predicate,,http://medicaldevice.com/ontology/XrayAssemblerRecord,
http://medicaldevice.com/ontology/assemblerName,x-ray assembler name,X-ray assembler name. Declared in the schema but not populated in the current release.,Predicate,,,
http://medicaldevice.com/ontology/authority,authority,Statutory authority under which the CFR part is issued.,Predicate,,http://medicaldevice.com/ontology/CFRTitle21Section|http://medicaldevice.com/ontology/CfrPart,
http://medicaldevice.com/ontology/belongsToDevice,belongs to device,Links a UDI Identifier to a AccessGUDID / UDI Record. Declared in the schema but not populated in the current release.,Predicate,,http://medicaldevice.com/ontology/UDIIdentifier,http://medicaldevice.com/ontology/AccessGUDIDRecord
http://medicaldevice.com/ontology/brandName,brand name,Brand name. Declared in the schema but not populated in the current release.,Predicate,,,
http://medicaldevice.com/ontology/cId,FDA c-ID,FDA internal identifier used on the 522 study page.,Predicate,,http://medicaldevice.com/ontology/Postmarket522Study,
http://medicaldevice.com/ontology/catalogNumber,catalog number,Catalog number. Declared in the schema but not populated in the current release.,Predicate,,,
http://medicaldevice.com/ontology/centerClassificationDate,FDA center classification date,Date FDA classified the recall.,Predicate,,http://medicaldevice.com/ontology/RecallRecord,
http://medicaldevice.com/ontology/certificateNumber,MQSA certificate number,MQSA certificate number. Declared in the schema but not populated in the current release.,Predicate,,,
http://medicaldevice.com/ontology/changeDescription,change description,Change description. Declared in the schema but not populated in the current release.,Predicate,,,
http://medicaldevice.com/ontology/changeReason,change reason,Change reason. Declared in the schema but not populated in the current release.,Predicate,,,
http://medicaldevice.com/ontology/city,city,City given on the record.,Predicate,,http://medicaldevice.com/ontology/HumanitarianDeviceExemption|http://medicaldevice.com/ontology/K510Record|http://medicaldevice.com/ontology/MammographyFacility|http://medicaldevice.com/ontology/PMARecord|http://medicaldevice.com/ontology/RecallRecord|http://medicaldevice.com/ontology/XrayAssemblerRecord,
http://medicaldevice.com/ontology/clearanceType,510(k) clearance type,"Type of 510(k) clearance, such as traditional, special, or abbreviated.",Predicate,,http://medicaldevice.com/ontology/K510Record,
http://medicaldevice.com/ontology/codeInfo,lot / model / serial code info,"Lot, model, or serial numbers identifying the recalled units.",Predicate,,http://medicaldevice.com/ontology/RecallRecord,
http://medicaldevice.com/ontology/commercialDistributionStatus,commercial distribution status,Commercial distribution status. Declared in the schema but not populated in the current release.,Predicate,,,
http://medicaldevice.com/ontology/companyName,company name,Company name. Declared in the schema but not populated in the current release.,Predicate,,,
http://medicaldevice.com/ontology/complexity,CLIA complexity level,CLIA complexity level. Declared in the schema but not populated in the current release.,Predicate,,,
http://medicaldevice.com/ontology/componentDescription,component description,Component description. Declared in the schema but not populated in the current release.,Predicate,,,
http://medicaldevice.com/ontology/country,country,Country given on the record.,Predicate,,http://medicaldevice.com/ontology/K510Record|http://medicaldevice.com/ontology/RecallRecord,
http://medicaldevice.com/ontology/dataSource,data source,Data source used by the 522 study.,Predicate,,http://medicaldevice.com/ontology/Postmarket522Study,
http://medicaldevice.com/ontology/dateCurrentPlanAccepted,date current plan accepted,Date FDA accepted the current 522 study plan.,Predicate,,http://medicaldevice.com/ontology/Postmarket522Study,
http://medicaldevice.com/ontology/dateEffective,date effective,Date effective. Declared in the schema but not populated in the current release.,Predicate,,,
http://medicaldevice.com/ontology/dateOfEvent,date of event,Date on which the reported adverse event occurred.,Predicate,,http://medicaldevice.com/ontology/MAUDEReport,
http://medicaldevice.com/ontology/dateOrder,522 order date,522 order date. Declared in the schema but not populated in the current release.,Predicate,,,
http://medicaldevice.com/ontology/dateOriginalPlanAccepted,date original plan accepted,Date FDA accepted the original 522 study plan.,Predicate,,http://medicaldevice.com/ontology/Postmarket522Study,
http://medicaldevice.com/ontology/dateReceived,date received,Date on which FDA received the submission.,Predicate,,http://medicaldevice.com/ontology/DeNovoRecord|http://medicaldevice.com/ontology/HumanitarianDeviceExemption|http://medicaldevice.com/ontology/K510Record|http://medicaldevice.com/ontology/MAUDEReport|http://medicaldevice.com/ontology/PMAChangeMemo|http://medicaldevice.com/ontology/PMARecord,
http://medicaldevice.com/ontology/deNovoNumber,De Novo number,De Novo request number.,Predicate,,http://medicaldevice.com/ontology/DeNovoRecord,
http://medicaldevice.com/ontology/decisionCode,decision code,FDA decision code for the submission.,Predicate,,http://medicaldevice.com/ontology/HumanitarianDeviceExemption|http://medicaldevice.com/ontology/K510Record|http://medicaldevice.com/ontology/PMAChangeMemo|http://medicaldevice.com/ontology/PMARecord,
http://medicaldevice.com/ontology/decisionDate,decision date,Date of the FDA decision on the submission.,Predicate,,http://medicaldevice.com/ontology/DeNovoRecord|http://medicaldevice.com/ontology/DeviceFDARecord|http://medicaldevice.com/ontology/HumanitarianDeviceExemption|http://medicaldevice.com/ontology/K510Record|http://medicaldevice.com/ontology/PMAChangeMemo|http://medicaldevice.com/ontology/PMARecord,
http://medicaldevice.com/ontology/decisionDateRaw,decision date (raw string from source),Decision date (raw string from source). Declared in the schema but not populated in the current release.,Predicate,,,
http://medicaldevice.com/ontology/decisionDescription,decision description,Description of the FDA decision on the submission.,Predicate,,http://medicaldevice.com/ontology/DeNovoRecord|http://medicaldevice.com/ontology/K510Record,
http://medicaldevice.com/ontology/definition,definition,The FDA definition of the device type identified by a product code.,Predicate,,http://medicaldevice.com/ontology/ProductClassificationRecord|http://medicaldevice.com/ontology/ProductCode|http://medicaldevice.com/ontology/TPLCRecord,
http://medicaldevice.com/ontology/designChangeSummary,design change summary,Design change summary. Declared in the schema but not populated in the current release.,Predicate,,,
http://medicaldevice.com/ontology/detailUrl,detail URL,URL of the FDA detail page for the 522 study.,Predicate,,http://medicaldevice.com/ontology/Postmarket522Study,
http://medicaldevice.com/ontology/deviceBrandName,device brand name,Device brand name. Declared in the schema but not populated in the current release.,Predicate,,,
http://medicaldevice.com/ontology/deviceClass,device class,"FDA device class: I, II, or III, in increasing order of regulatory control.",Predicate,,http://medicaldevice.com/ontology/PMARecord|http://medicaldevice.com/ontology/ProductClassificationRecord|http://medicaldevice.com/ontology/ProductCode|http://medicaldevice.com/ontology/TPLCRecord,
http://medicaldevice.com/ontology/deviceClassType,device class type,Device class type. Declared in the schema but not populated in the current release.,Predicate,,,
http://medicaldevice.com/ontology/deviceDescription,device description,Device description. Declared in the schema but not populated in the current release.,Predicate,,,
http://medicaldevice.com/ontology/deviceName,device name,FDA device name for the record.,Predicate,,http://medicaldevice.com/ontology/DeNovoRecord|http://medicaldevice.com/ontology/DeviceFDARecord|http://medicaldevice.com/ontology/K510Record|http://medicaldevice.com/ontology/PMARecord|http://medicaldevice.com/ontology/Postmarket522Study|http://medicaldevice.com/ontology/ProductClassificationRecord|http://medicaldevice.com/ontology/ProductCode,
http://medicaldevice.com/ontology/deviceOperator,device operator setting,Device operator setting. Declared in the schema but not populated in the current release.,Predicate,,,
http://medicaldevice.com/ontology/devicePublishDate,device publish date,Device publish date. Declared in the schema but not populated in the current release.,Predicate,,,
http://medicaldevice.com/ontology/distributionPattern,distribution pattern,Geographic distribution of the recalled product.,Predicate,,http://medicaldevice.com/ontology/RecallRecord,
http://medicaldevice.com/ontology/docketNumber,docket number,Federal Register docket number.,Predicate,,http://medicaldevice.com/ontology/HumanitarianDeviceExemption,
http://medicaldevice.com/ontology/document,document,Reference to the FDA document describing the test.,Predicate,,http://medicaldevice.com/ontology/IVDHomeUseTest,
http://medicaldevice.com/ontology/documentNumber,document number (K / P / H / DEN),"FDA document number of the submission (K, P, H, or DEN prefix).",Predicate,,http://medicaldevice.com/ontology/DeviceFDARecord,
http://medicaldevice.com/ontology/effectiveDate,effective date,Date the record took effect.,Predicate,,http://medicaldevice.com/ontology/IVDHomeUseTest,
http://medicaldevice.com/ontology/effectiveDateRaw,effective date (raw string),Effective date (raw string). Declared in the schema but not populated in the current release.,Predicate,,,
http://medicaldevice.com/ontology/equipmentType,equipment type,Type of diagnostic x-ray equipment installed.,Predicate,,http://medicaldevice.com/ontology/XrayAssemblerRecord,
http://medicaldevice.com/ontology/establishmentName,establishment name,Name of the registered establishment.,Predicate,,http://medicaldevice.com/ontology/RegistrationListingRecord,
http://medicaldevice.com/ontology/establishmentType,establishment type,Establishment type. Declared in the schema but not populated in the current release.,Predicate,,,
http://medicaldevice.com/ontology/eventCount,event count,Number of adverse events carrying this code or year.,Predicate,,http://medicaldevice.com/ontology/DeviceProblem|http://medicaldevice.com/ontology/MDRStatistic|http://medicaldevice.com/ontology/PatientOutcome,
http://medicaldevice.com/ontology/eventDate,event date,Event date. Declared in the schema but not populated in the current release.,Predicate,,,
http://medicaldevice.com/ontology/eventId,event ID,Event ID. Declared in the schema but not populated in the current release.,Predicate,,,
http://medicaldevice.com/ontology/eventNarrative,event narrative,Event narrative. Declared in the schema but not populated in the current release.,Predicate,,,
http://medicaldevice.com/ontology/eventType,event type,"Type of adverse event reported: death, injury, or malfunction.",Predicate,,http://medicaldevice.com/ontology/MAUDEReport,
http://medicaldevice.com/ontology/expeditedReviewFlag,expedited review flag,Whether the submission received expedited review.,Predicate,,http://medicaldevice.com/ontology/K510Record|http://medicaldevice.com/ontology/PMARecord,
http://medicaldevice.com/ontology/extractedAt,timestamp when record was extracted,Timestamp at which the record was extracted into the graph. Declared in the schema but not populated in the current release.,Predicate,,,
http://medicaldevice.com/ontology/extractionVersion,kg-json extraction version tag,Version tag of the extraction pipeline that produced the record. Declared in the schema but not populated in the current release.,Predicate,,,
http://medicaldevice.com/ontology/facilityName,facility name,Name of the certified mammography facility.,Predicate,,http://medicaldevice.com/ontology/MammographyFacility,
http://medicaldevice.com/ontology/fedRegNoticeDate,Federal Register notice date,Date of the Federal Register notice.,Predicate,,http://medicaldevice.com/ontology/HumanitarianDeviceExemption,
http://medicaldevice.com/ontology/feiNumber,FDA establishment identifier (FEI),FDA Establishment Identifier (FEI) of the firm.,Predicate,,http://medicaldevice.com/ontology/Manufacturer|http://medicaldevice.com/ontology/PMARecord|http://medicaldevice.com/ontology/RegistrationListingRecord,
http://medicaldevice.com/ontology/fromDataset,sourced from dataset,Links a record to a FDA Source Dataset. Declared in the schema but not populated in the current release.,Predicate,,,http://medicaldevice.com/ontology/Dataset
http://medicaldevice.com/ontology/genericDeviceName,generic device name,Generic device name. Declared in the schema but not populated in the current release.,Predicate,,,
http://medicaldevice.com/ontology/genericName,generic name,Generic (common) name of the device.,Predicate,,http://medicaldevice.com/ontology/HumanitarianDeviceExemption|http://medicaldevice.com/ontology/PMARecord,
http://medicaldevice.com/ontology/genericNameHDE,HDE generic device name,HDE generic device name. Declared in the schema but not populated in the current release.,Predicate,,,
http://medicaldevice.com/ontology/gmdnTermCode,GMDN term code,GMDN term code. Declared in the schema but not populated in the current release.,Predicate,,,
http://medicaldevice.com/ontology/gmdnTermDefinition,GMDN term definition,GMDN term definition. Declared in the schema but not populated in the current release.,Predicate,,,
http://medicaldevice.com/ontology/gmdnTermName,GMDN term name,GMDN term name. Declared in the schema but not populated in the current release.,Predicate,,,
http://medicaldevice.com/ontology/gmpExemptFlag,GMP exempt flag (Y/N),Whether the device type is exempt from Good Manufacturing Practice requirements.,Predicate,,http://medicaldevice.com/ontology/ProductClassificationRecord|http://medicaldevice.com/ontology/ProductCode,
http://medicaldevice.com/ontology/has510kRecord,has 510(k) record,Links a Medical Device to a 510(k) Submission. Declared in the schema but not populated in the current release.,Predicate,,http://medicaldevice.com/ontology/MedicalDevice,http://medicaldevice.com/ontology/K510Record
http://medicaldevice.com/ontology/hasAccessGUDIDRecord,has AccessGUDID record,Links a Medical Device to a AccessGUDID / UDI Record. Declared in the schema but not populated in the current release.,Predicate,,http://medicaldevice.com/ontology/MedicalDevice,http://medicaldevice.com/ontology/AccessGUDIDRecord
http://medicaldevice.com/ontology/hasAnalyte,has analyte,Links a record to a Analyte. Declared in the schema but not populated in the current release.,Predicate,,,http://medicaldevice.com/ontology/Analyte
http://medicaldevice.com/ontology/hasApprovalPathway,has approval pathway,Links a record to a Approval Pathway. Declared in the schema but not populated in the current release.,Predicate,,,http://medicaldevice.com/ontology/ApprovalPathway
http://medicaldevice.com/ontology/hasCLIARecord,has CLIA record,Links a record to a CLIA Laboratory Test System Record. Declared in the schema but not populated in the current release.,Predicate,,,http://medicaldevice.com/ontology/CLIARecord
http://medicaldevice.com/ontology/hasClassificationRecord,has classification record,Links a FDA Product Code to a FDA Product Classification Record. Declared in the schema but not populated in the current release.,Predicate,,http://medicaldevice.com/ontology/ProductCode,http://medicaldevice.com/ontology/ProductClassificationRecord
http://medicaldevice.com/ontology/hasComponent,has component,Links a record to a Component. Declared in the schema but not populated in the current release.,Predicate,,,http://medicaldevice.com/ontology/Component
http://medicaldevice.com/ontology/hasDeNovoRecord,has De Novo record,Links a Medical Device to a De Novo Authorization. Declared in the schema but not populated in the current release.,Predicate,,http://medicaldevice.com/ontology/MedicalDevice,http://medicaldevice.com/ontology/DeNovoRecord
http://medicaldevice.com/ontology/hasDesignChange,has design change,Links a Medical Device to a PMA Supplement. Declared in the schema but not populated in the current release.,Predicate,,http://medicaldevice.com/ontology/MedicalDevice,http://medicaldevice.com/ontology/PMAChangeMemo
http://medicaldevice.com/ontology/hasDeviceIdentifier,has device identifier,Links a record to a Device Identifier (UDI). Declared in the schema but not populated in the current release.,Predicate,,,http://medicaldevice.com/ontology/DeviceIdentifier
http://medicaldevice.com/ontology/hasDeviceListing,has device listing,Links a FDA Registration and Listing Record to a FDA Device Listing. Declared in the schema but not populated in the current release.,Predicate,,http://medicaldevice.com/ontology/RegistrationListingRecord,http://medicaldevice.com/ontology/DeviceListing
http://medicaldevice.com/ontology/hasDeviceProblem,has device problem,Links a TPLC record to a device problem code reported against it.,Predicate,,http://medicaldevice.com/ontology/TPLCRecord,http://medicaldevice.com/ontology/DeviceProblem
http://medicaldevice.com/ontology/hasFDARecord,has FDA record,Links a record to a FDA Data Record. Declared in the schema but not populated in the current release.,Predicate,,,http://medicaldevice.com/ontology/FDADataRecord
http://medicaldevice.com/ontology/hasGMDNTerm,has GMDN term,Links a record to a GMDN Term. Declared in the schema but not populated in the current release.,Predicate,,,http://medicaldevice.com/ontology/GMDNTerm
http://medicaldevice.com/ontology/hasHDERecord,has HDE record,Links a Medical Device to a Humanitarian Device Exemption Record. Declared in the schema but not populated in the current release.,Predicate,,http://medicaldevice.com/ontology/MedicalDevice,http://medicaldevice.com/ontology/HDERecord
http://medicaldevice.com/ontology/hasIdentifier,has identifier,Links a AccessGUDID / UDI Record to a UDI Identifier. Declared in the schema but not populated in the current release.,Predicate,,http://medicaldevice.com/ontology/AccessGUDIDRecord,http://medicaldevice.com/ontology/UDIIdentifier
http://medicaldevice.com/ontology/hasImplantStatus,has implant status,Has implant status. Declared in the schema but not populated in the current release.,Predicate,,,
http://medicaldevice.com/ontology/hasMAUDEReport,has MAUDE report,Links a Medical Device to a MAUDE Adverse Event Report. Declared in the schema but not populated in the current release.,Predicate,,http://medicaldevice.com/ontology/MedicalDevice,http://medicaldevice.com/ontology/MAUDEReport
http://medicaldevice.com/ontology/hasMDRStatistic,has MDR statistic,Links a TPLC Device Record to a MDR Statistic. Declared in the schema but not populated in the current release.,Predicate,,http://medicaldevice.com/ontology/TPLCRecord,http://medicaldevice.com/ontology/MDRStatistic
http://medicaldevice.com/ontology/hasMRIStatus,has MRI status,Has MRI status. Declared in the schema but not populated in the current release.,Predicate,,,
http://medicaldevice.com/ontology/hasMammographyFacility,has mammography facility,Links a record to a MQSA Certified Mammography Facility. Declared in the schema but not populated in the current release.,Predicate,,,http://medicaldevice.com/ontology/MammographyFacility
http://medicaldevice.com/ontology/hasManufacturer,has manufacturer,Links a record to the manufacturer or firm responsible for it.,Predicate,,http://medicaldevice.com/ontology/DeNovoRecord|http://medicaldevice.com/ontology/DeviceFDARecord|http://medicaldevice.com/ontology/HumanitarianDeviceExemption|http://medicaldevice.com/ontology/K510Record|http://medicaldevice.com/ontology/PMAChangeMemo|http://medicaldevice.com/ontology/PMARecord|http://medicaldevice.com/ontology/Recall|http://medicaldevice.com/ontology/RecallRecord|http://medicaldevice.com/ontology/RegistrationListingRecord,http://medicaldevice.com/ontology/Manufacturer
http://medicaldevice.com/ontology/hasMaterial,has material,Links a record to a Material. Declared in the schema but not populated in the current release.,Predicate,,,http://medicaldevice.com/ontology/Material
http://medicaldevice.com/ontology/hasMedSunReport,has MedSun report,Links a Medical Device to a MedSun Safety Report. Declared in the schema but not populated in the current release.,Predicate,,http://medicaldevice.com/ontology/MedicalDevice,http://medicaldevice.com/ontology/MedSunReport
http://medicaldevice.com/ontology/hasOutcome,has outcome,Links a record to a Patient Outcome. Declared in the schema but not populated in the current release.,Predicate,,,http://medicaldevice.com/ontology/PatientOutcome
http://medicaldevice.com/ontology/hasPMADesignChange,has PMA design change,Links a Medical Device to a PMA Supplement. Declared in the schema but not populated in the current release.,Predicate,,http://medicaldevice.com/ontology/MedicalDevice,http://medicaldevice.com/ontology/PMAChangeMemo
http://medicaldevice.com/ontology/hasPMARecord,has PMA record,Links a Medical Device to a PMA Submission. Declared in the schema but not populated in the current release.,Predicate,,http://medicaldevice.com/ontology/MedicalDevice,http://medicaldevice.com/ontology/PMARecord
http://medicaldevice.com/ontology/hasPatientOutcome,has patient outcome,Links a TPLC record to a patient outcome code reported against it.,Predicate,,http://medicaldevice.com/ontology/TPLCRecord,http://medicaldevice.com/ontology/PatientOutcome
http://medicaldevice.com/ontology/hasPostmarket522Study,has 522 postmarket study,Links a record to a 522 Postmarket Surveillance Study. Declared in the schema but not populated in the current release.,Predicate,,,http://medicaldevice.com/ontology/Postmarket522Study
http://medicaldevice.com/ontology/hasPredicateDevice,has predicate device,Has predicate device. Declared in the schema but not populated in the current release.,Predicate,,,
http://medicaldevice.com/ontology/hasProblem,has problem,Links a record to a Device Problem. Declared in the schema but not populated in the current release.,Predicate,,,http://medicaldevice.com/ontology/DeviceProblem
http://medicaldevice.com/ontology/hasProductCode,has product code,Links a record to the FDA product code classifying the device.,Predicate,,http://medicaldevice.com/ontology/DeNovoRecord|http://medicaldevice.com/ontology/K510Record|http://medicaldevice.com/ontology/PMAChangeMemo|http://medicaldevice.com/ontology/PMARecord|http://medicaldevice.com/ontology/TPLCRecord,http://medicaldevice.com/ontology/ProductClassificationRecord|http://medicaldevice.com/ontology/ProductCode
http://medicaldevice.com/ontology/hasProvenance,has provenance record,Links a record to a Provenance Record. Declared in the schema but not populated in the current release.,Predicate,,,http://medicaldevice.com/ontology/ProvenanceRecord
http://medicaldevice.com/ontology/hasRecall,has recall,Links a TPLC record to a recall of the device type.,Predicate,,http://medicaldevice.com/ontology/TPLCRecord,http://medicaldevice.com/ontology/Recall
http://medicaldevice.com/ontology/hasRecallRecord,has recall record,Links a Medical Device to a Device Recall Record. Declared in the schema but not populated in the current release.,Predicate,,http://medicaldevice.com/ontology/MedicalDevice,http://medicaldevice.com/ontology/RecallRecord
http://medicaldevice.com/ontology/hasRecognizedStandard,has recognized standard,Links a record to a FDA Recognized Consensus Standard. Declared in the schema but not populated in the current release.,Predicate,,,http://medicaldevice.com/ontology/RecognizedStandard
http://medicaldevice.com/ontology/hasRegistrationRecord,has registration record,Links a Manufacturer to a FDA Registration and Listing Record. Declared in the schema but not populated in the current release.,Predicate,,http://medicaldevice.com/ontology/Manufacturer,http://medicaldevice.com/ontology/RegistrationListingRecord
http://medicaldevice.com/ontology/hasRegulationNumber,has regulation number,Links a record to the 21 CFR regulation number the device type falls under.,Predicate,,http://medicaldevice.com/ontology/PMARecord|http://medicaldevice.com/ontology/TPLCRecord,http://medicaldevice.com/ontology/RegulationNumber
http://medicaldevice.com/ontology/hasSafetySignal,has safety signal,Links a record to a Safety Signal. Declared in the schema but not populated in the current release.,Predicate,,,http://medicaldevice.com/ontology/SafetySignal
http://medicaldevice.com/ontology/hasSoftware,has software,Links a record to a Software Feature. Declared in the schema but not populated in the current release.,Predicate,,,http://medicaldevice.com/ontology/SoftwareFeature
http://medicaldevice.com/ontology/hasSpecialty,has specialty,Links a CLIA Laboratory Test System Record to a CLIA Laboratory Specialty. Declared in the schema but not populated in the current release.,Predicate,,http://medicaldevice.com/ontology/CLIARecord,http://medicaldevice.com/ontology/Specialty
http://medicaldevice.com/ontology/hasSterilityStatus,has sterility status,Has sterility status. Declared in the schema but not populated in the current release.,Predicate,,,
http://medicaldevice.com/ontology/hasTPLCRecord,has TPLC record,Links a Medical Device to a TPLC Device Record. Declared in the schema but not populated in the current release.,Predicate,,http://medicaldevice.com/ontology/MedicalDevice,http://medicaldevice.com/ontology/TPLCRecord
http://medicaldevice.com/ontology/hasTestSystem,has test system,Links a CLIA Laboratory Test System Record to a CLIA Test System. Declared in the schema but not populated in the current release.,Predicate,,http://medicaldevice.com/ontology/CLIARecord,http://medicaldevice.com/ontology/TestSystem
http://medicaldevice.com/ontology/hasYearlyTrend,has yearly trend,Links a TPLC record to its yearly MDR report and event counts.,Predicate,,http://medicaldevice.com/ontology/TPLCRecord,http://medicaldevice.com/ontology/MDRStatistic
http://medicaldevice.com/ontology/hdeNumber,HDE number,HDE number assigned to the Humanitarian Device Exemption.,Predicate,,http://medicaldevice.com/ontology/HumanitarianDeviceExemption,
http://medicaldevice.com/ontology/identifierId,identifier ID,"UDI identifier value â the DI, Package DI, or PI string (e.g. GTIN-14). Declared in the schema but not populated in the current release.",Predicate,,,
http://medicaldevice.com/ontology/identifierStatus,identifier status,Device identifier status: Active / Inactive / Deprecated. Declared in the schema but not populated in the current release.,Predicate,,,
http://medicaldevice.com/ontology/identifierType,identifier type,UDI identifier type: Primary DI / Package DI / Unit of Use DI. Declared in the schema but not populated in the current release.,Predicate,,,
http://medicaldevice.com/ontology/implantFlag,implant flag (Y/N),Whether the device type is an implant.,Predicate,,http://medicaldevice.com/ontology/ProductClassificationRecord|http://medicaldevice.com/ontology/ProductCode,
http://medicaldevice.com/ontology/inPart,in part,Links a 21 CFR section to the part that contains it.,Predicate,,http://medicaldevice.com/ontology/CFRTitle21Section,http://medicaldevice.com/ontology/CfrPart
http://medicaldevice.com/ontology/initialFirmNotification,initial firm notification method,How the firm first notified its customers of the recall.,Predicate,,http://medicaldevice.com/ontology/RecallRecord,
http://medicaldevice.com/ontology/initialImporterFlag,initial importer flag (Y/N),Whether the establishment is an initial importer.,Predicate,,http://medicaldevice.com/ontology/RegistrationListingRecord,
http://medicaldevice.com/ontology/installed,installed,Date the x-ray equipment was installed.,Predicate,,http://medicaldevice.com/ontology/XrayAssemblerRecord,
http://medicaldevice.com/ontology/installedDate,x-ray equipment installed date,X-ray equipment installed date. Declared in the schema but not populated in the current release.,Predicate,,,
http://medicaldevice.com/ontology/intendedUse,intended use,Intended use. Declared in the schema but not populated in the current release.,Predicate,,,
http://medicaldevice.com/ontology/involvesDevice,involves device,Links a MAUDE report to the device involved in the reported event.,Predicate,,http://medicaldevice.com/ontology/MAUDEReport,http://medicaldevice.com/ontology/MedicalDevice
http://medicaldevice.com/ontology/isCombinationProduct,is combination product,Is combination product. Declared in the schema but not populated in the current release.,Predicate,,,
http://medicaldevice.com/ontology/isKit,is kit,Is kit. Declared in the schema but not populated in the current release.,Predicate,,,
http://medicaldevice.com/ontology/isSingleUse,is single use,Is single use. Declared in the schema but not populated in the current release.,Predicate,,,
http://medicaldevice.com/ontology/isSterile,is sterile,Is sterile. Declared in the schema but not populated in the current release.,Predicate,,,
http://medicaldevice.com/ontology/issuingAgency,issuing agency,UDI issuing agency: GS1 / HIBCC / ICCBBA / NDC. Declared in the schema but not populated in the current release.,Predicate,,,
http://medicaldevice.com/ontology/k510Number,510(k) number,510(k) number assigned to the premarket notification.,Predicate,,http://medicaldevice.com/ontology/K510Record,
http://medicaldevice.com/ontology/label,label,A human-readable name for the resource.,Predicate,,http://medicaldevice.com/ontology/MedicalDevice,
http://medicaldevice.com/ontology/labelingDescription,labeling description,Labeling description. Declared in the schema but not populated in the current release.,Predicate,,,
http://medicaldevice.com/ontology/lifeSustainSupportFlag,life sustain support flag (Y/N),Whether the device type is life-sustaining or life-supporting.,Predicate,,http://medicaldevice.com/ontology/ProductClassificationRecord|http://medicaldevice.com/ontology/ProductCode,
http://medicaldevice.com/ontology/linkedMedicalDevice,linked medical device,Links a record to a Medical Device. Declared in the schema but not populated in the current release.,Predicate,,,http://medicaldevice.com/ontology/MedicalDevice
http://medicaldevice.com/ontology/linkedProductCode,linked product code,Links a record to a FDA Product Code. Declared in the schema but not populated in the current release.,Predicate,,,http://medicaldevice.com/ontology/ProductCode
http://medicaldevice.com/ontology/listingNumber,FDA device listing number,FDA device listing number. Declared in the schema but not populated in the current release.,Predicate,,,
http://medicaldevice.com/ontology/lotBatchNumber,lot or batch number,Lot or batch number. Declared in the schema but not populated in the current release.,Predicate,,,
http://medicaldevice.com/ontology/lotNumber,lot number,Lot number. Declared in the schema but not populated in the current release.,Predicate,,,
http://medicaldevice.com/ontology/madeBy,made by,Links a record to a Manufacturer. Declared in the schema but not populated in the current release.,Predicate,,,http://medicaldevice.com/ontology/Manufacturer
http://medicaldevice.com/ontology/manufacturer,manufacturer,Name of the manufacturer responsible for the study.,Predicate,,http://medicaldevice.com/ontology/Postmarket522Study,
http://medicaldevice.com/ontology/manufacturerName,manufacturer name,Name of the manufacturer as given on the record.,Predicate,,http://medicaldevice.com/ontology/Manufacturer|http://medicaldevice.com/ontology/Recall,
http://medicaldevice.com/ontology/materialDescription,material description,Material description. Declared in the schema but not populated in the current release.,Predicate,,,
http://medicaldevice.com/ontology/medicalSpecialty,medical specialty code,FDA medical specialty code for the device type.,Predicate,,http://medicaldevice.com/ontology/ProductClassificationRecord|http://medicaldevice.com/ontology/ProductCode,
http://medicaldevice.com/ontology/medicalSpecialtyDescription,medical specialty description,FDA medical specialty the device type is reviewed under.,Predicate,,http://medicaldevice.com/ontology/PMARecord|http://medicaldevice.com/ontology/ProductClassificationRecord|http://medicaldevice.com/ontology/ProductCode,
http://medicaldevice.com/ontology/modelNumber,model number,Model number. Declared in the schema but not populated in the current release.,Predicate,,,
http://medicaldevice.com/ontology/mriSafetyStatus,MRI safety status,MRI safety status. Declared in the schema but not populated in the current release.,Predicate,,,
http://medicaldevice.com/ontology/name,name,Name of the site at which the x-ray equipment was installed.,Predicate,,http://medicaldevice.com/ontology/XrayAssemblerRecord,
http://medicaldevice.com/ontology/narrative,narrative,Free-text narrative supplied with the report. Declared in the schema but not populated in the current release.,Predicate,,,
http://medicaldevice.com/ontology/orderNumber,522 order number,FDA 522 order number.,Predicate,,http://medicaldevice.com/ontology/Postmarket522Study,
http://medicaldevice.com/ontology/organization,standards organization,Standards organization. Declared in the schema but not populated in the current release.,Predicate,,,
http://medicaldevice.com/ontology/outcomeCode,outcome code,Outcome code. Declared in the schema but not populated in the current release.,Predicate,,,
http://medicaldevice.com/ontology/packageType,package type,"Package type description associated with this identifier (e.g. Box, Case). Declared in the schema but not populated in the current release.",Predicate,,,
http://medicaldevice.com/ontology/packagingDescription,packaging description,Packaging description. Declared in the schema but not populated in the current release.,Predicate,,,
http://medicaldevice.com/ontology/partNumber,part number,Number of the 21 CFR part.,Predicate,,http://medicaldevice.com/ontology/CFRTitle21Section|http://medicaldevice.com/ontology/CfrPart,
http://medicaldevice.com/ontology/partTitle,part title,Title of the 21 CFR part.,Predicate,,http://medicaldevice.com/ontology/CFRTitle21Section|http://medicaldevice.com/ontology/CfrPart,
http://medicaldevice.com/ontology/pathway,regulatory pathway (510k / pma / hde / de_novo),"Regulatory pathway by which the device reached the market: 510k, pma, hde, or de_novo.",Predicate,,http://medicaldevice.com/ontology/DeviceFDARecord,
http://medicaldevice.com/ontology/phone,phone number,Telephone number given on the record.,Predicate,,http://medicaldevice.com/ontology/MammographyFacility|http://medicaldevice.com/ontology/XrayAssemblerRecord,
http://medicaldevice.com/ontology/physicalState,physical state,Physical state. Declared in the schema but not populated in the current release.,Predicate,,,
http://medicaldevice.com/ontology/pmaNumber,PMA number,PMA number assigned to the premarket approval application.,Predicate,,http://medicaldevice.com/ontology/PMAChangeMemo|http://medicaldevice.com/ontology/PMARecord,
http://medicaldevice.com/ontology/possiblySameDeviceAs,possibly same device as,Possibly same device as. Declared in the schema but not populated in the current release.,Predicate,,,
http://medicaldevice.com/ontology/postalCode,postal code,Postal code given on the record.,Predicate,,http://medicaldevice.com/ontology/K510Record|http://medicaldevice.com/ontology/PMARecord|http://medicaldevice.com/ontology/RecallRecord,
http://medicaldevice.com/ontology/predicateDevice,predicate device,Predicate device. Declared in the schema but not populated in the current release.,Predicate,,,
http://medicaldevice.com/ontology/primaryDI,primary device identifier (DI),Primary device identifier (DI). Declared in the schema but not populated in the current release.,Predicate,,,
http://medicaldevice.com/ontology/problemCode,problem code,Problem code. Declared in the schema but not populated in the current release.,Predicate,,,
http://medicaldevice.com/ontology/problemCodes,problem codes,Device problem codes (semicolon-separated). Declared in the schema but not populated in the current release.,Predicate,,,
http://medicaldevice.com/ontology/problemDescription,problem description,Text of the device problem code.,Predicate,,http://medicaldevice.com/ontology/DeviceProblem,
http://medicaldevice.com/ontology/productCode,product code,Three-letter FDA product code classifying the device type.,Predicate,,http://medicaldevice.com/ontology/HumanitarianDeviceExemption|http://medicaldevice.com/ontology/K510Record|http://medicaldevice.com/ontology/MAUDEReport|http://medicaldevice.com/ontology/PMARecord|http://medicaldevice.com/ontology/ProductClassificationRecord|http://medicaldevice.com/ontology/ProductCode|http://medicaldevice.com/ontology/TPLCRecord,
http://medicaldevice.com/ontology/productDescription,product description,Description of the recalled product.,Predicate,,http://medicaldevice.com/ontology/RecallRecord,
http://medicaldevice.com/ontology/productProblemFlag,product problem flag,Product problem flag. Declared in the schema but not populated in the current release.,Predicate,,,
http://medicaldevice.com/ontology/productQuantity,product quantity involved in recall,Quantity of product covered by the recall.,Predicate,,http://medicaldevice.com/ontology/RecallRecord,
http://medicaldevice.com/ontology/proprietaryName,proprietary (brand) name,Proprietary (brand) name. Declared in the schema but not populated in the current release.,Predicate,,,
http://medicaldevice.com/ontology/publicDeviceRecordKey,public device record key,Public device record key. Declared in the schema but not populated in the current release.,Predicate,,,
http://medicaldevice.com/ontology/qualifier1,CLIA Qualifier 1,CLIA Qualifier 1. Declared in the schema but not populated in the current release.,Predicate,,,
http://medicaldevice.com/ontology/qualifier2,CLIA Qualifier 2,CLIA Qualifier 2. Declared in the schema but not populated in the current release.,Predicate,,,
http://medicaldevice.com/ontology/quantityPerUnitOfUse,quantity per unit of use,Quantity of base devices contained in this package unit. Declared in the schema but not populated in the current release.,Predicate,,,
http://medicaldevice.com/ontology/rawRecord,raw record,JSON literal of the complete raw FDA record. Declared in the schema but not populated in the current release.,Predicate,,,
http://medicaldevice.com/ontology/reasonForRecall,reason for recall,Reason the product was recalled.,Predicate,,http://medicaldevice.com/ontology/RecallRecord,
http://medicaldevice.com/ontology/recallAction,corrective action taken,Corrective action taken. Declared in the schema but not populated in the current release.,Predicate,,,
http://medicaldevice.com/ontology/recallClass,recall class,"Recall class I, II, or III, indicating the severity of the hazard.",Predicate,,http://medicaldevice.com/ontology/Recall,
http://medicaldevice.com/ontology/recallClassification,recall classification (Class I/II/III),"FDA recall classification: Class I, II, or III.",Predicate,,http://medicaldevice.com/ontology/RecallRecord,
http://medicaldevice.com/ontology/recallDate,recall date,Date of the recall.,Predicate,,http://medicaldevice.com/ontology/Recall,
http://medicaldevice.com/ontology/recallEventId,recall event ID,FDA recall event identifier grouping the products in one recall.,Predicate,,http://medicaldevice.com/ontology/RecallRecord,
http://medicaldevice.com/ontology/recallInitiationDate,recall initiation date,Date the firm began the recall.,Predicate,,http://medicaldevice.com/ontology/RecallRecord,
http://medicaldevice.com/ontology/recallNumber,recall number,FDA recall number.,Predicate,,http://medicaldevice.com/ontology/RecallRecord,
http://medicaldevice.com/ontology/recallStatus,recall status,Current status of the recall.,Predicate,,http://medicaldevice.com/ontology/RecallRecord,
http://medicaldevice.com/ontology/recallingFirm,recalling firm name,Name of the firm conducting the recall.,Predicate,,http://medicaldevice.com/ontology/RecallRecord,
http://medicaldevice.com/ontology/recallingFirmAddress,recalling firm address,Address of the recalling firm.,Predicate,,http://medicaldevice.com/ontology/RecallRecord,
http://medicaldevice.com/ontology/recognitionNumber,FDA recognition number,FDA recognition number of the consensus standard.,Predicate,,http://medicaldevice.com/ontology/RecognizedConsensusStandard,
http://medicaldevice.com/ontology/recordStatus,record status,Status of the record in its source dataset. Declared in the schema but not populated in the current release.,Predicate,,,
http://medicaldevice.com/ontology/regExpiryDateYear,registration expiry year,Year in which the establishment registration expires.,Predicate,,http://medicaldevice.com/ontology/RegistrationListingRecord,
http://medicaldevice.com/ontology/registeredAt,registered at establishment,Links a FDA Device Listing to a FDA Registration and Listing Record. Declared in the schema but not populated in the current release.,Predicate,,http://medicaldevice.com/ontology/DeviceListing,http://medicaldevice.com/ontology/RegistrationListingRecord
http://medicaldevice.com/ontology/registrationAddress,registration address,Address of the registered establishment.,Predicate,,http://medicaldevice.com/ontology/RegistrationListingRecord,
http://medicaldevice.com/ontology/registrationNumber,FDA registration number,FDA establishment registration number.,Predicate,,http://medicaldevice.com/ontology/PMARecord|http://medicaldevice.com/ontology/RegistrationListingRecord,
http://medicaldevice.com/ontology/registrationStatus,registration status code,Status of the establishment registration.,Predicate,,http://medicaldevice.com/ontology/RegistrationListingRecord,
http://medicaldevice.com/ontology/regulationArea,regulation area,Regulation area. Declared in the schema but not populated in the current release.,Predicate,,,
http://medicaldevice.com/ontology/regulationDescription,regulation description,Description of the regulation the device type falls under.,Predicate,,http://medicaldevice.com/ontology/TPLCRecord,
http://medicaldevice.com/ontology/regulationNumber,regulation number,21 CFR regulation number under which the device type is classified.,Predicate,,http://medicaldevice.com/ontology/DeNovoRecord|http://medicaldevice.com/ontology/PMARecord|http://medicaldevice.com/ontology/ProductClassificationRecord|http://medicaldevice.com/ontology/ProductCode|http://medicaldevice.com/ontology/RegulationNumber|http://medicaldevice.com/ontology/TPLCRecord,
http://medicaldevice.com/ontology/relatedProductCode,related product code,Links a record to a FDA Product Code. Declared in the schema but not populated in the current release.,Predicate,,,http://medicaldevice.com/ontology/ProductCode
http://medicaldevice.com/ontology/relatedTPLC,related TPLC product code record,Links a record to the TPLC product-code record that aggregates its lifecycle data.,Predicate,,http://medicaldevice.com/ontology/DeviceProblem|http://medicaldevice.com/ontology/K510Record|http://medicaldevice.com/ontology/MDRStatistic|http://medicaldevice.com/ontology/PMARecord|http://medicaldevice.com/ontology/PatientOutcome|http://medicaldevice.com/ontology/Recall,http://medicaldevice.com/ontology/TPLCRecord
http://medicaldevice.com/ontology/remedialAction,remedial action taken,Remedial action taken. Declared in the schema but not populated in the current release.,Predicate,,,
http://medicaldevice.com/ontology/removalCorrectionNumber,removal / correction number (recall link),Removal / correction number (recall link). Declared in the schema but not populated in the current release.,Predicate,,,
http://medicaldevice.com/ontology/reportCount,report count,Number of medical device reports carrying this code or year.,Predicate,,http://medicaldevice.com/ontology/DeviceProblem|http://medicaldevice.com/ontology/MDRStatistic|http://medicaldevice.com/ontology/PatientOutcome,
http://medicaldevice.com/ontology/reportDate,report date,Date the record was reported.,Predicate,,http://medicaldevice.com/ontology/RecallRecord,
http://medicaldevice.com/ontology/reportKey,MDR report key,MDR report key. Declared in the schema but not populated in the current release.,Predicate,,,
http://medicaldevice.com/ontology/reportNumber,report number,Report number. Declared in the schema but not populated in the current release.,Predicate,,,
http://medicaldevice.com/ontology/reportToFDA,report to FDA flag,Report to FDA flag. Declared in the schema but not populated in the current release.,Predicate,,,
http://medicaldevice.com/ontology/reportedBy,reported by,Links a record to a Manufacturer. Declared in the schema but not populated in the current release.,Predicate,,,http://medicaldevice.com/ontology/Manufacturer
http://medicaldevice.com/ontology/reporterOccupationCode,reporter occupation code,Reporter occupation code. Declared in the schema but not populated in the current release.,Predicate,,,
http://medicaldevice.com/ontology/reprocessedFlag,reprocessed and reused flag,Reprocessed and reused flag. Declared in the schema but not populated in the current release.,Predicate,,,
http://medicaldevice.com/ontology/requirementNumber,requirement number,FDA 522 requirement number.,Predicate,,http://medicaldevice.com/ontology/Postmarket522Study,
http://medicaldevice.com/ontology/retrievedAt,timestamp when record was retrieved,Timestamp at which the source FDA record was retrieved.,Predicate,,http://medicaldevice.com/ontology/CFRTitle21Section|http://medicaldevice.com/ontology/CliaWaivedAnalyte|http://medicaldevice.com/ontology/DeNovoRecord|http://medicaldevice.com/ontology/DeviceFDARecord|http://medicaldevice.com/ontology/HumanitarianDeviceExemption|http://medicaldevice.com/ontology/IVDHomeUseTest|http://medicaldevice.com/ontology/K510Record|http://medicaldevice.com/ontology/MammographyFacility|http://medicaldevice.com/ontology/PMAChangeMemo|http://medicaldevice.com/ontology/PMARecord|http://medicaldevice.com/ontology/Postmarket522Study|http://medicaldevice.com/ontology/ProductClassificationRecord|http://medicaldevice.com/ontology/ProductCode|http://medicaldevice.com/ontology/RecallRecord|http://medicaldevice.com/ontology/RecognizedConsensusStandard|http://medicaldevice.com/ontology/RegistrationListingRecord|http://medicaldevice.com/ontology/XrayAssemblerRecord,
http://medicaldevice.com/ontology/reviewAdvisoryCommittee,review advisory committee,Advisory committee that reviewed the submission.,Predicate,,http://medicaldevice.com/ontology/K510Record,
http://medicaldevice.com/ontology/reviewGranted,review granted,Whether the review was granted.,Predicate,,http://medicaldevice.com/ontology/HumanitarianDeviceExemption,
http://medicaldevice.com/ontology/reviewPanel,review panel,FDA review panel for the device type.,Predicate,,http://medicaldevice.com/ontology/ProductClassificationRecord|http://medicaldevice.com/ontology/ProductCode,
http://medicaldevice.com/ontology/room,room,Room in which the x-ray equipment was installed.,Predicate,,http://medicaldevice.com/ontology/XrayAssemblerRecord,
http://medicaldevice.com/ontology/roomIdentifier,x-ray room identifier,Identifier of the room the x-ray equipment was installed in. Declared in the schema but not populated in the current release.,Predicate,,,
http://medicaldevice.com/ontology/rootDocumentNumber,root document number,Root FDA document number the 522 order derives from.,Predicate,,http://medicaldevice.com/ontology/Postmarket522Study,
http://medicaldevice.com/ontology/sameProductCodeAs,same product code as,Same product code as. Declared in the schema but not populated in the current release.,Predicate,,,
http://medicaldevice.com/ontology/sampleSize,sample size,Planned sample size of the 522 study.,Predicate,,http://medicaldevice.com/ontology/Postmarket522Study,
http://medicaldevice.com/ontology/sectionNumber,section number,Number of the 21 CFR section.,Predicate,,http://medicaldevice.com/ontology/CFRTitle21Section,
http://medicaldevice.com/ontology/sectionTitle,section title,Title of the 21 CFR section.,Predicate,,http://medicaldevice.com/ontology/CFRTitle21Section,
http://medicaldevice.com/ontology/singleUseFlag,single use flag,Single use flag. Declared in the schema but not populated in the current release.,Predicate,,,
http://medicaldevice.com/ontology/softwareDescription,software description,Software description. Declared in the schema but not populated in the current release.,Predicate,,,
http://medicaldevice.com/ontology/sourceDataset,source dataset,Name of the FDA or openFDA dataset the record was extracted from.,Predicate,,http://medicaldevice.com/ontology/CFRTitle21Section|http://medicaldevice.com/ontology/CliaWaivedAnalyte|http://medicaldevice.com/ontology/DeNovoRecord|http://medicaldevice.com/ontology/DeviceFDARecord|http://medicaldevice.com/ontology/HumanitarianDeviceExemption|http://medicaldevice.com/ontology/IVDHomeUseTest|http://medicaldevice.com/ontology/K510Record|http://medicaldevice.com/ontology/MammographyFacility|http://medicaldevice.com/ontology/PMAChangeMemo|http://medicaldevice.com/ontology/PMARecord|http://medicaldevice.com/ontology/Postmarket522Study|http://medicaldevice.com/ontology/ProductClassificationRecord|http://medicaldevice.com/ontology/ProductCode|http://medicaldevice.com/ontology/RecallRecord|http://medicaldevice.com/ontology/RecognizedConsensusStandard|http://medicaldevice.com/ontology/RegistrationListingRecord|http://medicaldevice.com/ontology/TPLCRecord|http://medicaldevice.com/ontology/XrayAssemblerRecord,
http://medicaldevice.com/ontology/sourceNote,source note,Free-text note about the source of the record.,Predicate,,http://medicaldevice.com/ontology/CFRTitle21Section|http://medicaldevice.com/ontology/CfrPart,
http://medicaldevice.com/ontology/sourceRecordId,source record ID (original FDA identifier),Identifier of the record in the original FDA source dataset.,Predicate,,http://medicaldevice.com/ontology/CFRTitle21Section|http://medicaldevice.com/ontology/CliaWaivedAnalyte|http://medicaldevice.com/ontology/DeNovoRecord|http://medicaldevice.com/ontology/DeviceFDARecord|http://medicaldevice.com/ontology/HumanitarianDeviceExemption|http://medicaldevice.com/ontology/IVDHomeUseTest|http://medicaldevice.com/ontology/K510Record|http://medicaldevice.com/ontology/MammographyFacility|http://medicaldevice.com/ontology/PMAChangeMemo|http://medicaldevice.com/ontology/PMARecord|http://medicaldevice.com/ontology/Postmarket522Study|http://medicaldevice.com/ontology/ProductClassificationRecord|http://medicaldevice.com/ontology/ProductCode|http://medicaldevice.com/ontology/RecallRecord|http://medicaldevice.com/ontology/RecognizedConsensusStandard|http://medicaldevice.com/ontology/RegistrationListingRecord|http://medicaldevice.com/ontology/XrayAssemblerRecord,
http://medicaldevice.com/ontology/sourceType,source type,Type of the source the record came from. Declared in the schema but not populated in the current release.,Predicate,,,
http://medicaldevice.com/ontology/sourceUrl,source URL,URL of the source FDA record or dataset.,Predicate,,http://medicaldevice.com/ontology/CFRTitle21Section|http://medicaldevice.com/ontology/CliaWaivedAnalyte|http://medicaldevice.com/ontology/DeNovoRecord|http://medicaldevice.com/ontology/DeviceFDARecord|http://medicaldevice.com/ontology/HumanitarianDeviceExemption|http://medicaldevice.com/ontology/IVDHomeUseTest|http://medicaldevice.com/ontology/K510Record|http://medicaldevice.com/ontology/MammographyFacility|http://medicaldevice.com/ontology/PMAChangeMemo|http://medicaldevice.com/ontology/PMARecord|http://medicaldevice.com/ontology/Postmarket522Study|http://medicaldevice.com/ontology/ProductClassificationRecord|http://medicaldevice.com/ontology/ProductCode|http://medicaldevice.com/ontology/RecallRecord|http://medicaldevice.com/ontology/RecognizedConsensusStandard|http://medicaldevice.com/ontology/RegistrationListingRecord|http://medicaldevice.com/ontology/XrayAssemblerRecord,
http://medicaldevice.com/ontology/specialtyId,CLIA Specialty ID,CLIA Specialty ID. Declared in the schema but not populated in the current release.,Predicate,,,
http://medicaldevice.com/ontology/specialtyName,CLIA Specialty Name,CLIA Specialty Name. Declared in the schema but not populated in the current release.,Predicate,,,
http://medicaldevice.com/ontology/standardDesignation,standard designation number,Standard designation number. Declared in the schema but not populated in the current release.,Predicate,,,
http://medicaldevice.com/ontology/state,state or province,State or province given on the record.,Predicate,,http://medicaldevice.com/ontology/HumanitarianDeviceExemption|http://medicaldevice.com/ontology/K510Record|http://medicaldevice.com/ontology/MammographyFacility|http://medicaldevice.com/ontology/PMARecord|http://medicaldevice.com/ontology/RecallRecord|http://medicaldevice.com/ontology/XrayAssemblerRecord,
http://medicaldevice.com/ontology/statementOrSummary,510(k) statement or summary type,Whether the 510(k) was supported by a summary or a statement.,Predicate,,http://medicaldevice.com/ontology/K510Record,
http://medicaldevice.com/ontology/sterilityDescription,sterility description,Sterility description. Declared in the schema but not populated in the current release.,Predicate,,,
http://medicaldevice.com/ontology/studyDesign,study design,Design of the 522 postmarket surveillance study.,Predicate,,http://medicaldevice.com/ontology/Postmarket522Study,
http://medicaldevice.com/ontology/studyName,522 study name,Name of the 522 postmarket surveillance study.,Predicate,,http://medicaldevice.com/ontology/Postmarket522Study,
http://medicaldevice.com/ontology/studyObjectives,study objectives,Objectives of the 522 postmarket surveillance study.,Predicate,,http://medicaldevice.com/ontology/Postmarket522Study,
http://medicaldevice.com/ontology/studyStatus,522 study status,Status of the 522 postmarket surveillance study.,Predicate,,http://medicaldevice.com/ontology/Postmarket522Study,
http://medicaldevice.com/ontology/submissionNumber,submission number,Submission number. Declared in the schema but not populated in the current release.,Predicate,,,
http://medicaldevice.com/ontology/submissionType,submission type,Type of PMA submission.,Predicate,,http://medicaldevice.com/ontology/PMARecord,
http://medicaldevice.com/ontology/submissionTypeId,submission type ID,FDA submission type identifier for the device type.,Predicate,,http://medicaldevice.com/ontology/ProductClassificationRecord|http://medicaldevice.com/ontology/ProductCode,
http://medicaldevice.com/ontology/summary,summary,Summary text supplied with the record.,Predicate,,http://medicaldevice.com/ontology/PMARecord|http://medicaldevice.com/ontology/RecallRecord,
http://medicaldevice.com/ontology/summaryMalfunctionReporting,summary malfunction reporting (SMR) code,Summary malfunction reporting eligibility of the device type.,Predicate,,http://medicaldevice.com/ontology/ProductClassificationRecord|http://medicaldevice.com/ontology/ProductCode,
http://medicaldevice.com/ontology/summaryUrl,URL to summary / PDF document,URL of the summary or decision PDF for the submission.,Predicate,,http://medicaldevice.com/ontology/DeviceFDARecord,
http://medicaldevice.com/ontology/supplementNumber,supplement number,Number of the PMA supplement.,Predicate,,http://medicaldevice.com/ontology/HumanitarianDeviceExemption|http://medicaldevice.com/ontology/PMAChangeMemo|http://medicaldevice.com/ontology/PMARecord,
http://medicaldevice.com/ontology/supplementReason,PMA supplement reason,Reason given for the PMA supplement.,Predicate,,http://medicaldevice.com/ontology/HumanitarianDeviceExemption|http://medicaldevice.com/ontology/PMAChangeMemo|http://medicaldevice.com/ontology/PMARecord,
http://medicaldevice.com/ontology/supplementType,supplement type,Type of the HDE supplement.,Predicate,,http://medicaldevice.com/ontology/HumanitarianDeviceExemption,
http://medicaldevice.com/ontology/supplementsPMA,supplements PMA,Links a PMA supplement to the original PMA it modifies.,Predicate,,http://medicaldevice.com/ontology/PMAChangeMemo,http://medicaldevice.com/ontology/PMARecord
http://medicaldevice.com/ontology/tId,FDA t-ID,FDA internal identifier used on the 522 study page.,Predicate,,http://medicaldevice.com/ontology/Postmarket522Study,
http://medicaldevice.com/ontology/targetArea,target area,Target area. Declared in the schema but not populated in the current release.,Predicate,,,
http://medicaldevice.com/ontology/technicalMethod,technical method,Technical method. Declared in the schema but not populated in the current release.,Predicate,,,
http://medicaldevice.com/ontology/technologicalCharacteristics,technological characteristics,Technological characteristics. Declared in the schema but not populated in the current release.,Predicate,,,
http://medicaldevice.com/ontology/terminationDate,recall termination date,Date FDA terminated the recall.,Predicate,,http://medicaldevice.com/ontology/RecallRecord,
http://medicaldevice.com/ontology/testName,IVD test name,Name of the in vitro diagnostic home-use test.,Predicate,,http://medicaldevice.com/ontology/IVDHomeUseTest,
http://medicaldevice.com/ontology/testSystemId,CLIA Test System ID,CLIA Test System ID. Declared in the schema but not populated in the current release.,Predicate,,,
http://medicaldevice.com/ontology/testSystemName,CLIA Test System Name,CLIA Test System Name. Declared in the schema but not populated in the current release.,Predicate,,,
http://medicaldevice.com/ontology/testType,IVD test type,Type of the in vitro diagnostic home-use test.,Predicate,,http://medicaldevice.com/ontology/IVDHomeUseTest,
http://medicaldevice.com/ontology/text,text,Full regulatory text of the CFR section.,Predicate,,http://medicaldevice.com/ontology/CFRTitle21Section,
http://medicaldevice.com/ontology/thirdPartyFlag,third party review flag,Whether the device type is eligible for third-party review.,Predicate,,http://medicaldevice.com/ontology/ProductClassificationRecord|http://medicaldevice.com/ontology/ProductCode,
http://medicaldevice.com/ontology/thirdPartyReviewFlag,third party review flag,Whether the submission was reviewed by an accredited third party.,Predicate,,http://medicaldevice.com/ontology/K510Record,
http://medicaldevice.com/ontology/tradeName,trade name,Trade name under which the device is marketed.,Predicate,,http://medicaldevice.com/ontology/HumanitarianDeviceExemption|http://medicaldevice.com/ontology/PMAChangeMemo|http://medicaldevice.com/ontology/PMARecord,
http://medicaldevice.com/ontology/unclassifiedReason,unclassified reason,Reason the device type has not been classified.,Predicate,,http://medicaldevice.com/ontology/ProductClassificationRecord|http://medicaldevice.com/ontology/ProductCode,
http://medicaldevice.com/ontology/unitOfUseId,unit-of-use ID,Unit-of-Use identifier string (UoU DI). Declared in the schema but not populated in the current release.,Predicate,,,
http://medicaldevice.com/ontology/use1,use1,Primary clinical use of the installed x-ray equipment.,Predicate,,http://medicaldevice.com/ontology/XrayAssemblerRecord,
http://medicaldevice.com/ontology/use2,use2,Additional clinical use of the installed x-ray equipment.,Predicate,,http://medicaldevice.com/ontology/XrayAssemblerRecord,
http://medicaldevice.com/ontology/use3,use3,Additional clinical use of the installed x-ray equipment.,Predicate,,http://medicaldevice.com/ontology/XrayAssemblerRecord,
http://medicaldevice.com/ontology/use4,use4,Additional clinical use of the installed x-ray equipment.,Predicate,,http://medicaldevice.com/ontology/XrayAssemblerRecord,
http://medicaldevice.com/ontology/versionModelNumber,version or model number,Version or model number. Declared in the schema but not populated in the current release.,Predicate,,,
http://medicaldevice.com/ontology/voluntaryMandated,voluntary or mandated,Whether the recall was voluntary or mandated by FDA.,Predicate,,http://medicaldevice.com/ontology/RecallRecord,
http://medicaldevice.com/ontology/year,year,Calendar year the MDR counts apply to.,Predicate,,http://medicaldevice.com/ontology/MDRStatistic,
http://medicaldevice.com/ontology/zip,zip,ZIP code given on the record.,Predicate,,http://medicaldevice.com/ontology/MammographyFacility|http://medicaldevice.com/ontology/XrayAssemblerRecord,
http://medicaldevice.com/ontology/zipCode,ZIP / postal code,ZIP / postal code. Declared in the schema but not populated in the current release.,Predicate,,,
http://www.w3.org/2000/01/rdf-schema#comment,comment,A human-readable description of the resource.,Predicate,,http://www.w3.org/2000/01/rdf-schema#Class,
http://www.w3.org/2000/01/rdf-schema#domain,domain,States that any resource with the given property is an instance of the stated class.,Predicate,,http://www.w3.org/1999/02/22-rdf-syntax-ns#Property,http://www.w3.org/2000/01/rdf-schema#Class
http://www.w3.org/2000/01/rdf-schema#label,label,A human-readable name for the resource.,Predicate,,http://medicaldevice.com/ontology/DeviceProblem|http://medicaldevice.com/ontology/K510Record|http://medicaldevice.com/ontology/PMARecord|http://medicaldevice.com/ontology/PatientOutcome|http://medicaldevice.com/ontology/RecallRecord|http://medicaldevice.com/ontology/TPLCRecord|http://www.w3.org/1999/02/22-rdf-syntax-ns#Property|http://www.w3.org/2000/01/rdf-schema#Class,
http://www.w3.org/2000/01/rdf-schema#range,range,States that the values of the given property are instances of the stated class or datatype.,Predicate,,http://www.w3.org/1999/02/22-rdf-syntax-ns#Property,http://www.w3.org/2000/01/rdf-schema#Class
http://www.w3.org/2000/01/rdf-schema#subClassOf,subclass of,States that all instances of one class are instances of another.,Predicate,,http://www.w3.org/2000/01/rdf-schema#Class,http://www.w3.org/2000/01/rdf-schema#Class
